<application>
  <component name="FileTypeManager" version="18">
    <ignoreFiles list="" />
    <extensionMap>
      <mapping pattern="DiagnosticHandler.ts" type="AUTO_DETECTED" />
      <mapping ext="space.kts" type="Kotlin" />
      <mapping ext="gradle.kts" type="Kotlin" />
      <mapping ext="main.kts" type="Kotlin" />
      <mapping pattern="enable" type="PLAIN_TEXT" />
      <mapping pattern="merge" type="PLAIN_TEXT" />
      <mapping pattern="binarydata" type="PLAIN_TEXT" />
      <mapping ext="ivy" type="PLAIN_TEXT" />
      <mapping ext="processor" type="PLAIN_TEXT" />
      <mapping ext="crt" type="PLAIN_TEXT" />
      <mapping ext="hype" type="PLAIN_TEXT" />
      <mapping ext="jks" type="PLAIN_TEXT" />
      <mapping ext="template" type="PLAIN_TEXT" />
      <mapping ext="cer" type="PLAIN_TEXT" />
      <mapping ext="db" type="PLAIN_TEXT" />
      <removed_mapping ext="apk" approved="true" type="ARCHIVE" />
      <removed_mapping ext="bat" approved="true" type="PLAIN_TEXT" />
      <removed_mapping ext="cmd" approved="true" type="PLAIN_TEXT" />
      <removed_mapping ext="dockerfile" approved="true" type="textmate" />
      <removed_mapping ext="hype" approved="true" type="YAML" />
      <removed_mapping ext="log" approved="true" type="PLAIN_TEXT" />
      <removed_mapping ext="makefile" approved="true" type="textmate" />
      <removed_mapping ext="psd" approved="true" type="Image" />
      <removed_mapping ext="qrc" approved="true" type="XML" />
      <removed_mapping ext="rs" approved="true" type="Android RenderScript" />
      <removed_mapping ext="snakefile" approved="true" type="textmate" />
      <removed_mapping ext="yaml" approved="true" type="YAML" />
      <removed_mapping ext="yml" approved="true" type="YAML" />
    </extensionMap>
  </component>
</application>