<application>
  <component name="FindSettings">
    <option name="customScope" value="All Places" />
    <option name="defaultScopeName" value="All Places" />
    <option name="SEARCH_SCOPE" value="All Places" />
    <mask>*.properties</mask>
    <mask>*.html</mask>
    <mask>*.jsp</mask>
    <mask>*.xml</mask>
    <mask>*.js</mask>
    <mask>*.as</mask>
    <mask>*.css</mask>
    <mask>*.mxml</mask>
    <mask>*.R</mask>
    <mask>*.out</mask>
    <mask>*.javaq</mask>
    <mask>*.json</mask>
    <mask>*.ts</mask>
    <mask>*Exec.scala</mask>
    <mask>*.hype</mask>
    <mask>*.scala</mask>
    <mask>*.gradle</mask>
    <mask>*.toml</mask>
    <mask>*.py</mask>
    <mask>*.java</mask>
    <mask>*.yml</mask>
    <mask>*.tsx</mask>
  </component>
</application>