<application>
  <component name="IgnoredPluginSuggestions">
    <option name="pluginIds">
      <list>
        <option value="com.intellij.guice" />
        <option value="com.intellij.kubernetes" />
        <option value="com.intellij.grpc" />
        <option value="idea.plugin.protoeditor" />
        <option value="org.dynamodb4idea" />
        <option value="com.microsoft.tooling.msservices.intellij.azure" />
        <option value="aws.toolkit" />
        <option value="com.intellij.bigdatatools" />
      </list>
    </option>
  </component>
</application>